{"count":1,"gauges":{"PushBlock.CumulativeReward":{"count":86,"max":4.9938,"min":4.84379864,"value":4.9828,"weightedAverage":4.95862532}},"self":18.3173536,"total":20.5423671,"children":{"AgentSendState":{"count":980,"self":0.1818131,"total":0.27211609999999997,"children":{"CollectObservations":{"count":6272,"self":0.0479392,"total":0.0479392,"children":null},"CollectDiscreteActionMasks":{"count":6272,"self":0.0423638,"total":0.0423638,"children":null}}},"DecideAction":{"count":980,"self":1.1970064,"total":1.8439626999999998,"children":{"RayPerceptionSensor.Perceive":{"count":12544,"self":0.64695629999999993,"total":0.64695629999999993,"children":null}}},"AgentAct":{"count":980,"self":0.1079343,"total":0.1079343,"children":null}}}