{"count":1,"gauges":{"Soccer.CumulativeReward":{"count":236,"max":1,"min":-1.40833759,"value":0.963333368,"weightedAverage":0.0147122815}},"self":37.220608,"total":44.934565,"children":{"AgentSendState":{"count":2205,"self":0.37846209999999997,"total":0.5524916,"children":{"CollectObservations":{"count":14112,"self":0.091047599999999992,"total":0.091047599999999992,"children":null},"CollectDiscreteActionMasks":{"count":14112,"self":0.0829819,"total":0.0829819,"children":null}}},"DecideAction":{"count":2205,"self":4.6838023999999994,"total":6.8284949,"children":{"RayPerceptionSensor.Perceive":{"count":28224,"self":2.1446924,"total":2.1446923,"children":null}}},"AgentAct":{"count":2205,"self":0.3319704,"total":0.3319704,"children":null}}}