{"count":1,"gauges":{"VisualHallway.CumulativeReward":{"count":6,"max":4.9544,"min":4.706396,"value":4.9277997,"weightedAverage":4.87478876}},"self":42.6604832,"total":72.2820357,"children":{"AgentSendState":{"count":3596,"self":0.1325874,"total":29.431865499999997,"children":{"CollectObservations":{"count":720,"self":0.0069993999999999994,"total":0.0069993999999999994,"children":null},"CollectDiscreteActionMasks":{"count":720,"self":0.0079493,"total":0.0079493,"children":null},"CameraSensor.GetCompressedObservation":{"count":720,"self":29.2843296,"total":29.284329399999997,"children":null}}},"DecideAction":{"count":3596,"self":0.0418713,"total":0.0418713,"children":null},"AgentAct":{"count":3596,"self":0.088847799999999991,"total":0.088847799999999991,"children":null},"CameraSensor.GetCompressedObservation":{"count":6,"self":0.0569678,"total":0.0569678,"children":null}}}