{"count":1,"gauges":{"Walker.CumulativeReward":{"count":10,"max":417.558167,"min":10.3881025,"value":417.558167,"weightedAverage":260.6645}},"self":13.0370648,"total":15.471943,"children":{"AgentSendState":{"count":1116,"self":0.1000273,"total":0.35492979999999996,"children":{"CollectObservations":{"count":2464,"self":0.2428919,"total":0.2428919,"children":null},"CollectDiscreteActionMasks":{"count":2464,"self":0.0120106,"total":0.0120106,"children":null}}},"DecideAction":{"count":1116,"self":1.8879827999999999,"total":1.8879827999999999,"children":null},"AgentAct":{"count":1116,"self":0.1909666,"total":0.1909666,"children":null}}}