{"count":1,"gauges":{"SmallWallJump.CumulativeReward":{"count":60,"max":0.987,"min":0.9575,"value":0.976,"weightedAverage":0.978355944},"BigWallJump.CumulativeReward":{"count":78,"max":0.9595,"min":-1.021,"value":0.9345,"weightedAverage":0.9322674}},"self":8.519454399999999,"total":12.428403,"children":{"AgentSendState":{"count":586,"self":0.1239762,"total":0.2039262,"children":{"CollectObservations":{"count":2832,"self":0.0709556,"total":0.0709556,"children":null},"CollectDiscreteActionMasks":{"count":2832,"self":0.0089944,"total":0.0089944,"children":null}}},"DecideAction":{"count":586,"self":3.1196403999999998,"total":3.3722673999999997,"children":{"RayPerceptionSensor.Perceive":{"count":5664,"self":0.252627,"total":0.252627,"children":null}}},"AgentAct":{"count":586,"self":0.33075679999999996,"total":0.33075679999999996,"children":null}}}